{
  "distribution": [
    1.0,
    0.8171249078250543,
    0.6632956972256538,
    0.5563153005621475,
    0.5781595656046198,
    0.45306020819566944,
    0.47492362647360203,
    0.3869240861512531,
    0.3745894025148198,
    0.483600042137118
  ],
  "label": [
    44220,
    184751,
    238065,
    255389,
    271806,
    384139,
    452010,
    502246,
    523386,
    583902
  ]
}