{
  "distribution": [
    1.0,
    0.7636534160594474,
    0.6130149339874468,
    0.5380564172859101,
    0.49650097395570303,
    0.41317365269461076,
    0.40365053026477166,
    0.36397085347377534,
    0.3361229348531852,
    0.35697280138518145
  ],
  "label": [
    213,
    12207,
    17820,
    23611,
    25501,
    36293,
    42019,
    54291,
    66351,
    72015
  ]
}